Business,FirstName,LastName,StreetAddress,City,State,Zip,Phone,Email,Birthday,Picture,
Colleague,fname1,lname1,street address1,city1,state1,zip1,phone1,email1,bday1,picture file1,
Colleague,fname2,lname2,street address2,city2,state2,zip2,phone2,email2,bday2,picture file2,
School,Julie,Schneider,13300 W. 6th Ave.,Lakewood,CO,80228,Office: 303-914-6247,julie.schneider@rrcc.edu,3-Feb,julie.jpg,
Family,Ryan,Lockman,10555 W Jewell Ave,Lakewood,CO,80232,333-333-3333,May 8th,ryan@gmail.com,ryan.jpg,
Friend,Ben,Labs,10 May Dr.,Lakewood,CO,80232,222-222-2222,benL@gmail.com,May 23rd,benL.jpg,